{
  "10min": {
    "results": {
      "baseline": {
        "cv_accuracy": 0.7692307692307693,
        "cv_auc": 0.7222222222222222,
        "cv_log_loss": 0.5930543088309472,
        "n_samples": 13,
        "n_features": 20,
        "feature_set": "baseline",
        "y_pred_cv": [
          1,
          1,
          0,
          1,
          1,
          0,
          1,
          0,
          1,
          1,
          1,
          1,
          1
        ],
        "y_proba_cv": [
          0.5725589686905453,
          0.7829495993954895,
          0.4640352573081037,
          0.6054527339063561,
          0.541747676032981,
          0.48450494701752717,
          0.5041391218318826,
          0.334147786464129,
          0.8696825228167322,
          0.6805114754738621,
          0.6524695074611014,
          0.7143455178085655,
          0.758475053845944
        ],
        "feature_importance": [
          [
            "blue_total_xp",
            0.21920239209570247
          ],
          [
            "red_wards_placed",
            0.216884856917715
          ],
          [
            "blue_avg_level",
            0.17048926222453786
          ],
          [
            "red_dragons",
            0.16282003613065085
          ],
          [
            "kill_diff",
            0.16179852681159354
          ],
          [
            "blue_total_cs",
            0.1572010241714585
          ],
          [
            "red_kills",
            0.14828712495645796
          ],
          [
            "red_total_gold",
            0.1450782227605524
          ],
          [
            "blue_wards_placed",
            0.12381246662269417
          ],
          [
            "red_towers",
            0.08584502836379371
          ]
        ]
      },
      "baseline_riot": {
        "cv_accuracy": 0.7692307692307693,
        "cv_auc": 0.6944444444444444,
        "cv_log_loss": 0.6180991144179392,
        "n_samples": 13,
        "n_features": 23,
        "feature_set": "baseline_riot",
        "y_pred_cv": [
          1,
          1,
          0,
          1,
          1,
          0,
          1,
          0,
          1,
          1,
          1,
          1,
          1
        ],
        "y_proba_cv": [
          0.5924960752795483,
          0.7746901570199042,
          0.4603329016801219,
          0.6168344772090726,
          0.5846032813599954,
          0.46119662085257485,
          0.5615503905756747,
          0.2917766441628336,
          0.8362636211735283,
          0.6917163003043505,
          0.5948003030030669,
          0.7284151794305487,
          0.7901411460518898
        ],
        "feature_importance": [
          [
            "red_wards_placed",
            0.21960222266364926
          ],
          [
            "blue_total_xp",
            0.21206857141848337
          ],
          [
            "red_dragons",
            0.16865111418846596
          ],
          [
            "blue_avg_level",
            0.1606376144582978
          ],
          [
            "blue_total_cs",
            0.1570440514301929
          ],
          [
            "kill_diff",
            0.15481147913296864
          ],
          [
            "red_kills",
            0.1407480529638433
          ],
          [
            "red_total_gold",
            0.13774260514208717
          ],
          [
            "blue_wards_placed",
            0.13463426021520353
          ],
          [
            "blue_vision_score_est",
            0.0945782872131977
          ]
        ]
      },
      "baseline_grid": {
        "cv_accuracy": 0.6923076923076923,
        "cv_auc": 0.611111111111111,
        "cv_log_loss": 0.6400833729953372,
        "n_samples": 13,
        "n_features": 26,
        "feature_set": "baseline_grid",
        "y_pred_cv": [
          1,
          1,
          0,
          1,
          1,
          1,
          1,
          0,
          1,
          1,
          1,
          1,
          1
        ],
        "y_proba_cv": [
          0.5910244600003101,
          0.7503008299013255,
          0.4506495291573065,
          0.5521301056169645,
          0.5657901312644179,
          0.7128902617127226,
          0.518176063331198,
          0.3201015567140895,
          0.8568354791341423,
          0.6276141064919594,
          0.7065874428633475,
          0.7597797109601918,
          0.7498824326274108
        ],
        "feature_importance": [
          [
            "blue_total_xp",
            0.21893832693182935
          ],
          [
            "red_wards_placed",
            0.20675471142898225
          ],
          [
            "blue_avg_level",
            0.17319085855821592
          ],
          [
            "blue_total_cs",
            0.16880240750611
          ],
          [
            "kill_diff",
            0.14907002090784982
          ],
          [
            "red_kills",
            0.1470509201442438
          ],
          [
            "red_total_gold",
            0.1468098840503057
          ],
          [
            "red_dragons",
            0.14166292075487577
          ],
          [
            "grid_blue_total",
            0.11561672340970329
          ],
          [
            "blue_wards_placed",
            0.09383026490056154
          ]
        ]
      }
    },
    "contributions": {
      "baseline_riot": {
        "baseline_score": 0.7692307692307693,
        "extended_score": 0.7692307692307693,
        "absolute_lift": 0.0,
        "absolute_lift_pct": 0.0,
        "relative_contribution": 0.0,
        "relative_contribution_pct": 0.0,
        "metric": "cv_accuracy",
        "model_name": "baseline_riot"
      },
      "baseline_grid": {
        "baseline_score": 0.7692307692307693,
        "extended_score": 0.6923076923076923,
        "absolute_lift": -0.07692307692307698,
        "absolute_lift_pct": -7.692307692307699,
        "relative_contribution": -0.33333333333333365,
        "relative_contribution_pct": -33.333333333333364,
        "metric": "cv_accuracy",
        "model_name": "baseline_grid"
      }
    }
  },
  "20min": {
    "results": {
      "baseline": {
        "cv_accuracy": 0.8461538461538461,
        "cv_auc": 0.9444444444444444,
        "cv_log_loss": 0.38627158312002857,
        "n_samples": 13,
        "n_features": 20,
        "feature_set": "baseline",
        "y_pred_cv": [
          0,
          1,
          0,
          1,
          1,
          1,
          0,
          1,
          1,
          1,
          1,
          1,
          0
        ],
        "y_proba_cv": [
          0.4565642279386929,
          0.866210093637378,
          0.4238620246787809,
          0.8581775454258548,
          0.7247554682029093,
          0.544654164376009,
          0.3607922107037686,
          0.5160680659624072,
          0.9735859847573503,
          0.8006478991914462,
          0.8928481659520708,
          0.6154251503412453,
          0.2767348151621104
        ],
        "feature_importance": [
          [
            "red_kills",
            0.22453028460109148
          ],
          [
            "red_total_gold",
            0.21635308153842173
          ],
          [
            "kill_diff",
            0.20864362440044415
          ],
          [
            "red_avg_level",
            0.1582672687709092
          ],
          [
            "gold_diff",
            0.14805079291689438
          ],
          [
            "blue_total_cs",
            0.13811047511311056
          ],
          [
            "red_towers",
            0.1366608256534254
          ],
          [
            "red_total_xp",
            0.13530623577304696
          ],
          [
            "blue_towers",
            0.12686963703682935
          ],
          [
            "blue_avg_level",
            0.11100834463470712
          ]
        ]
      },
      "baseline_riot": {
        "cv_accuracy": 0.8461538461538461,