{
  "model_type": "cnn",
  "n_samples_train": 98,
  "n_samples_test": 25,
  "test_accuracy": 0.68,
  "test_precision": 0.6428571428571429,
  "test_recall": 0.75,
  "test_f1": 0.6923076923076923
}