{
  "model_type": "logistic",
  "n_samples_train": 130,
  "n_samples_test": 33,
  "test_accuracy": 0.7575757575757576,
  "test_precision": 0.7222222222222222,
  "test_recall": 0.8125,
  "test_f1": 0.7647058823529411
}